{
  "generated_at": "2026-03-03T17:38:42.487053",
  "total_holders": 56,
  "total_value_usd": 172792158.64736924,
  "target_value_usd": 171800000,
  "value_accuracy": 100.57750794375393,
  "category_distribution": {
    "DeFi Active": {
      "count": 20,
      "percentage": 35.714285714285715,
      "total_value": 96632502.14331813,
      "value_percentage": 55.92412462449977
    },
    "Pure Holder": {
      "count": 18,
      "percentage": 32.142857142857146,
      "total_value": 42810321.512789406,
      "value_percentage": 24.7756158890033
    },
    "Trading": {
      "count": 13,
      "percentage": 23.214285714285715,
      "total_value": 21643207.131007344,
      "value_percentage": 12.52557251465118
    },
    "Cross-chain": {
      "count": 5,
      "percentage": 8.928571428571429,
      "total_value": 11706127.860254332,
      "value_percentage": 6.774686971845732
    }
  }
}